pilot,surface_id,face_id,side,setback_A,boundary_exclusion_A,requested_z_start_A,requested_z_end_A,automatic_status,status,reason,width_criterion,slope_criterion,residual_criterion,range_criterion,density_criterion,discontinuity_count,points,z_start_A,z_end_A,width_A,jump_threshold_eV,mean_potential_eV,slope_eV_per_A,detrended_max_residual_eV,potential_range_eV,mean_density_e_per_A3,maximum_abs_density_e_per_A3,density_status
A0,beta_001_t07,beta_001_t07_lower,lower,2,1.0,1.0,7.999986253348,NO_CONFIRMED_PLATEAU,CHARGE_IN_VACUUM_WARNING,"Failed screening criteria: slope, residual, range, density",True,False,False,False,False,0,103,1.0215228472222224,7.9678782083333335,6.946355361111111,0.1,3.537607299725279,-0.1666449521992483,0.05661641943554452,1.207591026836671,0.00018502529505412687,0.0035731315411559263,AVAILABLE
A0,beta_001_t07,beta_001_t07_upper,upper,2,1.0,21.419871746652,28.419858,NO_CONFIRMED_PLATEAU,CHARGE_IN_VACUUM_WARNING,"Failed screening criteria: slope, residual, range, density",True,False,False,False,False,0,103,21.451979791666666,28.39833515277778,6.946355361111113,0.1,5.006790540710731,-0.15996164374313823,0.06954241296292718,1.055744352681443,0.00022453972934279064,0.004265332288712062,AVAILABLE
A0,beta_001_t07,beta_001_t07_lower,lower,4,1.0,1.0,5.999986253348,NO_CONFIRMED_PLATEAU,NONFLAT_OR_TOO_SHORT,"Failed screening criteria: slope, range",True,False,True,False,True,0,74,1.0215228472222224,5.992934037037037,4.971411189814815,0.1,3.7030654881473466,-0.1637291137949627,0.000357731935173522,0.8140689965679231,1.2618532670452129e-06,9.973805987196486e-06,AVAILABLE
A0,beta_001_t07,beta_001_t07_upper,upper,4,1.0,23.419871746652,28.419858,NO_CONFIRMED_PLATEAU,CHARGE_IN_VACUUM_WARNING,"Failed screening criteria: slope, range, density",True,False,True,False,False,0,74,23.426923962962967,28.39833515277778,4.971411189814813,0.1,4.849878208576484,-0.16345196121438987,8.363620215323664e-05,0.8124612131514031,6.505104140253725e-07,1.2238154412846254e-05,AVAILABLE
A0,beta_001_t07,beta_001_t07_lower,lower,5,1.0,1.0,4.999986253348,NO_CONFIRMED_PLATEAU,NONFLAT_OR_TOO_SHORT,"Failed screening criteria: slope, range",True,False,True,False,True,0,59,1.0215228472222224,4.971411189814814,3.949888342592592,0.1,3.7867259090924295,-0.16365959597658056,0.00015686706821149698,0.6464439016971628,6.221486183392782e-07,9.753788437900738e-07,AVAILABLE
A0,beta_001_t07,beta_001_t07_upper,upper,5,1.0,24.419871746652,28.419858,NO_CONFIRMED_PLATEAU,NONFLAT_OR_TOO_SHORT,"Failed screening criteria: slope, range",True,False,True,False,True,0,59,24.44844681018519,28.39833515277778,3.9498883425925904,0.1,4.766383890951399,-0.16343564009479047,7.419905506278468e-05,0.6455829032227367,-2.2149774270530523e-07,4.3785109390388317e-07,AVAILABLE
A0,beta_001_t07,beta_001_t07_lower,lower,6,1.0,1.0,3.999986253348,NO_CONFIRMED_PLATEAU,NONFLAT_OR_TOO_SHORT,"Failed screening criteria: slope, range",True,False,True,False,True,0,44,1.0215228472222224,3.9498883425925926,2.92836549537037,0.1,3.8703366527957077,-0.16359953584021059,8.189213151954533e-05,0.4790693086736941,5.810131524317567e-07,6.882159235576561e-07,AVAILABLE
A0,beta_001_t07,beta_001_t07_upper,upper,6,1.0,25.419871746652,28.419858,NO_CONFIRMED_PLATEAU,NONFLAT_OR_TOO_SHORT,"Failed screening criteria: slope, range",True,False,True,False,True,0,44,25.469969657407407,28.39833515277778,2.9283654953703717,0.1,4.682897871341113,-0.16340665998300832,4.052708877200217e-05,0.4785441592628512,-2.1975367438574154e-07,4.3785109390388317e-07,AVAILABLE
A1,beta_001_t07,beta_001_t07_lower,lower,2,1.0,1.0,7.999986253348,NO_CONFIRMED_PLATEAU,CHARGE_IN_VACUUM_WARNING,"Failed screening criteria: residual, range, density",True,True,False,False,False,0,103,1.0215228472222224,7.9678782083333335,6.946355361111111,0.1,2.804484406617989,-0.004403325197369631,0.06761736847203181,0.08997657926447555,0.00020126753472065576,0.003713164516317977,AVAILABLE
A1,beta_001_t07,beta_001_t07_upper,upper,2,1.0,21.419871746652,28.419858,NO_CONFIRMED_PLATEAU,CHARGE_IN_VACUUM_WARNING,"Failed screening criteria: slope, residual, range, density",True,False,False,False,False,0,103,21.451979791666666,28.39833515277778,6.946355361111113,0.1,5.744338381579078,0.0058163138710006276,0.06348127702094519,0.09454431531253071,0.00021275836639749685,0.00410848851600204,AVAILABLE
A1,beta_001_t07,beta_001_t07_lower,lower,4,1.0,1.0,5.999986253348,NO_CONFIRMED_PLATEAU,CHARGE_IN_VACUUM_WARNING,Failed screening criteria: density,True,True,True,True,False,0,74,1.0215228472222224,5.992934037037037,4.971411189814815,0.1,2.8105052877627017,0.00019735756956606453,0.002395007043004771,0.0029492330801330624,5.231819957202764e-06,2.595192626550213e-05,AVAILABLE
A1,beta_001_t07,beta_001_t07_upper,upper,4,1.0,23.419871746652,28.419858,NO_CONFIRMED_PLATEAU,CANDIDATE_PLATEAU,,True,True,True,True,True,0,74,23.426923962962967,28.39833515277778,4.971411189814813,0.1,5.751188404708715,0.0024366138176239666,0.0020583776091180894,0.01166272350207187,4.128205559681721e-06,7.065949247311123e-06,AVAILABLE
A1,beta_001_t07,beta_001_t07_lower,lower,5,1.0,1.0,4.999986253348,NO_CONFIRMED_PLATEAU,CHARGE_IN_VACUUM_WARNING,Failed screening criteria: density,True,True,True,True,False,0,59,1.0215228472222224,4.971411189814814,3.949888342592592,0.1,2.810619510071289,0.0006456235432253869,0.0007294929033418995,0.002262650587149473,2.1827638404923707e-06,1.1594131399040106e-05,AVAILABLE
A1,beta_001_t07,beta_001_t07_upper,upper,5,1.0,24.419871746652,28.419858,NO_CONFIRMED_PLATEAU,CANDIDATE_PLATEAU,,True,True,True,True,True,0,59,24.44844681018519,28.39833515277778,3.9498883425925904,0.1,5.752672170535122,0.00196612361393979,0.0013684232078254865,0.007775766894611458,5.097108989480676e-06,7.065949247311123e-06,AVAILABLE
A1,beta_001_t07,beta_001_t07_lower,lower,6,1.0,1.0,3.999986253348,NO_CONFIRMED_PLATEAU,CANDIDATE_PLATEAU,,True,True,True,True,True,0,44,1.0215228472222224,3.9498883425925926,2.92836549537037,0.1,2.8103380287810555,0.0008139533512255975,0.0001411837007796457,0.0021973703490445473,-4.074417884071696e-08,5.587752305547845e-06,AVAILABLE
A1,beta_001_t07,beta_001_t07_upper,upper,6,1.0,25.419871746652,28.419858,NO_CONFIRMED_PLATEAU,CANDIDATE_PLATEAU,,True,True,True,True,True,0,44,25.469969657407407,28.39833515277778,2.9283654953703717,0.1,5.753868154258325,0.0013880680211544674,0.0008050027494430623,0.004169562091101753,5.620334166158486e-06,7.065949247311123e-06,AVAILABLE
B0,beta_100_t02,beta_100_t02_lower,lower,2,1.0,1.0,8.000005436564,NO_CONFIRMED_PLATEAU,CHARGE_IN_VACUUM_WARNING,"Failed screening criteria: residual, range, density",True,True,False,False,False,0,104,1.00985021875,7.944155054166667,6.9343048354166665,0.1,4.526111097896705,-0.0035258863266739303,0.06164080281097295,0.0785168463488084,0.0001778458323617307,0.002992919901733317,AVAILABLE
B0,beta_100_t02,beta_100_t02_upper,upper,2,1.0,24.315201563436002,31.315207,NO_CONFIRMED_PLATEAU,CHARGE_IN_VACUUM_WARNING,"Failed screening criteria: residual, range, density",True,True,False,False,False,0,104,24.371051945833337,31.30535678125,6.934304835416665,0.1,3.294726834305877,0.0034054410431298143,0.056024107979797844,0.07248009982340342,0.00016013876772236945,0.0026844552980850784,AVAILABLE
B0,beta_100_t02,beta_100_t02_lower,lower,4,1.0,1.0,6.000005436564001,NO_CONFIRMED_PLATEAU,CHARGE_IN_VACUUM_WARNING,Failed screening criteria: density,True,True,True,True,False,0,75,1.00985021875,5.991777964583334,4.9819277458333335,0.1,4.530695026488473,-1.3234845277765831e-05,0.00031362269531243214,0.00041391986074312825,1.370158584083048e-06,1.760661783087011e-05,AVAILABLE
B0,beta_100_t02,beta_100_t02_upper,upper,4,1.0,26.315201563436002,31.315207,NO_CONFIRMED_PLATEAU,CHARGE_IN_VACUUM_WARNING,Failed screening criteria: density,True,True,True,True,False,0,75,26.323429035416666,31.30535678125,4.981927745833335,0.1,3.2991270566894295,0.00013726002248714238,0.0003762849456796502,0.0009667810168951796,1.5489965872933622e-06,1.7342555310475772e-05,AVAILABLE
B0,beta_100_t02,beta_100_t02_lower,lower,5,1.0,1.0,5.000005436564001,NO_CONFIRMED_PLATEAU,CANDIDATE_PLATEAU,,True,True,True,True,True,0,60,1.00985021875,4.9819277458333335,3.9720775270833335,0.1,4.530713274494232,1.3582478491213323e-05,3.393924424255346e-05,8.731990222443642e-05,5.373460883829472e-08,1.137634391693651e-06,AVAILABLE
B0,beta_100_t02,beta_100_t02_upper,upper,5,1.0,27.315201563436002,31.315207,NO_CONFIRMED_PLATEAU,CANDIDATE_PLATEAU,,True,True,True,True,True,0,60,27.333279254166666,31.30535678125,3.9720775270833357,0.1,3.2992167906797003,9.310875814615389e-05,6.952208929833503e-05,0.0004043143425898066,2.672037210323598e-07,1.2278441474480235e-06,AVAILABLE
B0,beta_100_t02,beta_100_t02_lower,lower,6,1.0,1.0,4.000005436564001,NO_CONFIRMED_PLATEAU,CANDIDATE_PLATEAU,,True,True,True,True,True,0,45,1.00985021875,3.9720775270833335,2.9622273083333335,0.1,4.530704794560899,9.41762522569038e-06,2.9672813967707157e-05,7.246316985298762e-05,-5.542168707927024e-08,7.554362960018147e-08,AVAILABLE
B0,beta_100_t02,beta_100_t02_upper,upper,6,1.0,28.315201563436002,31.315207,NO_CONFIRMED_PLATEAU,CANDIDATE_PLATEAU,,True,True,True,True,True,0,45,28.343129472916665,31.30535678125,2.962227308333336,0.1,3.299269673568528,7.540630945952294e-05,4.917268977289169e-05,0.0002644130414082291,1.9300476015292153e-07,2.2324476957425233e-07,AVAILABLE
A2,beta_001_t07,beta_001_t07_lower,lower,2,1.0,1.0,7.921700011210001,NO_CONFIRMED_PLATEAU,CHARGE_IN_VACUUM_WARNING,"Failed screening criteria: residual, range, density",True,True,False,False,False,0,102,1.0215228472222224,7.899776685185185,6.878253837962963,0.1,2.9659168932316993,-0.002886998302110418,0.058191396188415734,0.07207813245261407,0.0001926116608763901,0.0036869241503643315,AVAILABLE
A2,beta_001_t07,beta_001_t07_upper,upper,2,1.0,21.377801349712,28.419858,NO_CONFIRMED_PLATEAU,CHARGE_IN_VACUUM_WARNING,"Failed screening criteria: residual, range, density",True,True,False,False,False,0,104,21.38387826851852,28.39833515277778,7.0144568842592605,0.1,5.435439943258292,0.004327014294432774,0.0840270809049084,0.10520240470271247,0.0002701728587386557,0.005192782585322582,AVAILABLE
A2,beta_001_t07,beta_001_t07_lower,lower,4,1.0,1.0,5.921700011210001,NO_CONFIRMED_PLATEAU,CANDIDATE_PLATEAU,,True,True,True,True,True,0,72,1.0215228472222224,5.856730990740742,4.8352081435185195,0.1,2.9696321210558816,9.824352596049392e-05,7.355022634802921e-05,0.00041715388389595986,5.068279625328386e-07,8.635915430586535e-06,AVAILABLE
A2,beta_001_t07,beta_001_t07_upper,upper,4,1.0,23.377801349712,28.419858,NO_CONFIRMED_PLATEAU,CHARGE_IN_VACUUM_WARNING,Failed screening criteria: density,True,True,True,True,False,0,74,23.426923962962967,28.39833515277778,4.971411189814813,0.1,5.44099423153973,0.00022850264007959697,0.00014961839436367086,0.0011472552208555697,8.363855516965471e-07,1.0133121689883489e-05,AVAILABLE
A2,beta_001_t07,beta_001_t07_lower,lower,5,1.0,1.0,4.921700011210001,NO_CONFIRMED_PLATEAU,CANDIDATE_PLATEAU,,True,True,True,True,True,0,58,1.0215228472222224,4.903309666666667,3.8817868194444447,0.1,2.9695816445542427,9.289014255523557e-05,6.716721868116338e-05,0.00036849425768448185,-1.808898953218637e-07,6.099520178036947e-07,AVAILABLE
A2,beta_001_t07,beta_001_t07_upper,upper,5,1.0,24.377801349712,28.419858,NO_CONFIRMED_PLATEAU,CANDIDATE_PLATEAU,,True,True,True,True,True,0,60,24.380345287037038,28.39833515277778,4.017989865740741,0.1,5.441114421952574,0.00020665927137057826,0.00010881738630619253,0.0008136132853646671,2.924809943057508e-07,5.16376301905201e-07,AVAILABLE
A2,beta_001_t07,beta_001_t07_lower,lower,6,1.0,1.0,3.9217000112100013,NO_CONFIRMED_PLATEAU,CANDIDATE_PLATEAU,,True,True,True,True,True,0,43,1.0215228472222224,3.8817868194444447,2.8602639722222225,0.1,2.969525528017882,6.63272943599927e-05,4.293697847845834e-05,0.00020108275564378886,-2.8069747989365743e-07,3.4939493834066675e-07,AVAILABLE
A2,beta_001_t07,beta_001_t07_upper,upper,6,1.0,25.377801349712,28.419858,NO_CONFIRMED_PLATEAU,CANDIDATE_PLATEAU,,True,True,True,True,True,0,45,25.40186813425926,28.39833515277778,2.996467018518519,0.1,5.441230837120033,0.0001760022155066055,7.652289371140597e-05,0.0005488176438142034,4.080912255879475e-07,5.16376301905201e-07,AVAILABLE
B1,beta_100_t02,beta_100_t02_lower,lower,2,1.0,1.0,7.961291818577999,NO_CONFIRMED_PLATEAU,CHARGE_IN_VACUUM_WARNING,"Failed screening criteria: residual, range, density",True,True,False,False,False,0,104,1.00985021875,7.944155054166667,6.9343048354166665,0.1,4.1433325686575575,-0.0034042009583468563,0.06151635549264434,0.07792699632464295,0.0001816175381559762,0.0031432244582942004,AVAILABLE
B1,beta_100_t02,beta_100_t02_upper,upper,2,1.0,24.510385413716,31.315207,NO_CONFIRMED_PLATEAU,CHARGE_IN_VACUUM_WARNING,Failed screening criteria: density,True,True,True,True,False,0,101,24.57302198958333,31.30535678125,6.73233479166667,0.1,4.226979600509835,0.0007979662792651368,0.01442347538745814,0.01816182001750022,5.0083644424833416e-05,0.0009566538211391065,AVAILABLE
B1,beta_100_t02,beta_100_t02_lower,lower,4,1.0,1.0,5.961291818577999,NO_CONFIRMED_PLATEAU,CHARGE_IN_VACUUM_WARNING,Failed screening criteria: density,True,True,True,True,False,0,74,1.00985021875,5.924454616666667,4.914604397916667,0.1,4.1477825492125096,5.7242978898524446e-05,0.0003182560896490827,0.00034044082623196914,1.1932188632715363e-06,1.3846568868401847e-05,AVAILABLE
B1,beta_100_t02,beta_100_t02_upper,upper,4,1.0,26.510385413716,31.315207,NO_CONFIRMED_PLATEAU,CANDIDATE_PLATEAU,,True,True,True,True,True,0,72,26.525399079166668,31.30535678125,4.779957702083333,0.1,4.227973343586776,3.1054015358933314e-05,0.00010303503630204602,0.00023576695711025053,2.8806594907206904e-07,2.317437308340987e-06,AVAILABLE
B1,beta_100_t02,beta_100_t02_lower,lower,5,1.0,1.0,4.961291818577999,NO_CONFIRMED_PLATEAU,CANDIDATE_PLATEAU,,True,True,True,True,True,0,59,1.00985021875,4.9146043979166665,3.9047541791666665,0.1,4.147769821792956,9.387106323431691e-05,3.520003709045483e-05,0.00034044082623196914,8.21244908452955e-08,1.3740866011486048e-06,AVAILABLE
B1,beta_100_t02,beta_100_t02_upper,upper,5,1.0,27.510385413716,31.315207,NO_CONFIRMED_PLATEAU,CANDIDATE_PLATEAU,,True,True,True,True,True,0,57,27.535249297916668,31.30535678125,3.7701074833333337,0.1,4.227997335487434,1.3055590682784968e-05,5.103335723077862e-05,0.00010928648142716213,1.3391970019961008e-07,2.490430364531645e-07,AVAILABLE
B1,beta_100_t02,beta_100_t02_lower,lower,6,1.0,1.0,3.9612918185779993,NO_CONFIRMED_PLATEAU,CANDIDATE_PLATEAU,,True,True,True,True,True,0,44,1.00985021875,3.904754179166667,2.894903960416667,0.1,4.147721486172423,9.267788825517703e-05,3.441073726673238e-05,0.0002728748825013838,-1.212209770886828e-07,2.607115866621505e-07,AVAILABLE
B1,beta_100_t02,beta_100_t02_upper,upper,6,1.0,28.510385413716,31.315207,NO_CONFIRMED_PLATEAU,CANDIDATE_PLATEAU,,True,True,True,True,True,0,42,28.545099516666667,31.30535678125,2.760257264583334,0.1,4.228007953198686,-5.625722967326594e-07,3.236479390356095e-05,5.549224072076697e-05,1.0934889858225696e-07,1.975012749001535e-07,AVAILABLE
